LOAD_ZONE,PERIOD,ev_share,ice_miles_per_gallon,ev_miles_per_kwh,ev_extra_cost_per_vehicle_year,n_all_vehicles,vmt_per_vehicle
Oahu,2020,0.0155,28.9310515873016,4.0,825.0,816908.0,8706.0
Oahu,2022,0.0215,30.6165674603175,4.0,775.0,816908.0,8706.0
Oahu,2025,0.038,33.1448412698413,4.0,700.0,816908.0,8706.0
Oahu,2030,0.0845,37.3586309523809,4.0,575.0,816908.0,8706.0
Oahu,2035,0.165,41.5724206349206,4.0,450.0,816908.0,8706.0
Oahu,2040,0.2955,45.7862103174603,4.0,325.0,816908.0,8706.0
Oahu,2045,0.545,50.0,4.0,200.0,816908.0,8706.0
