load_zone,period,AES,Airport_DSG,Battery_Bulk,Battery_Conting,CIP_CT,CentralTrackingPV,DistBattery,FlatDistPV,H-Power,IC_Schofield,Kahe_1,Kahe_2,Kahe_3,Kahe_4,Kahe_5,Kahe_6,Kalaeloa_CC1,Kalaeloa_CC2,Kalaeloa_CC3,OffshoreWind,OnshoreWind,SlopedDistPV,Waiau_10,Waiau_6,Waiau_7,Waiau_8,Waiau_9,hydro,batteries,fuel cells
Oahu,2020,180.0,8.0,0.0,26.888482331235352,113.0,174.4425,31.941,298.5999999999995,73.0,48.84,82.1,82.1,86.1,85.3,134.3,134.4,90.0,90.0,28.0,0.0,123.0,263.7359999999998,49.9,53.5,82.9,86.1,52.9,0.0,0.0,0
Oahu,2022,0.0,8.0,139.5,45.6594981396905,113.0,1025.19,54.602000000000004,350.9449999999995,73.0,48.84,0.0,0.0,0.0,0.0,134.3,134.4,90.0,90.0,28.0,0.0,123.0,263.7359999999998,49.9,0.0,0.0,0.0,52.9,150.0,0.0,0
Oahu,2025,0.0,8.0,139.5,45.6594981396905,113.0,1025.19,66.011,417.52199999999954,73.0,48.84,0.0,0.0,0.0,0.0,134.3,134.4,90.0,90.0,28.0,27.73250039237744,123.0,263.7359999999998,49.9,0.0,0.0,0.0,52.9,150.0,0.0,0
Oahu,2030,0.0,8.0,139.5,68.31803760508686,113.0,1025.19,99.398,559.2519999999995,73.0,48.84,0.0,0.0,0.0,0.0,134.3,134.4,90.0,90.0,28.0,63.126782603948335,123.0,263.7359999999998,49.9,0.0,0.0,0.0,52.9,150.0,0.0,0
Oahu,2035,0.0,8.0,139.5,41.429555273851506,113.0,1025.19,144.287,700.5313019178624,73.0,48.84,0.0,0.0,0.0,0.0,134.3,134.4,90.0,90.0,28.0,357.85089095375747,123.0,284.62969808213694,49.9,0.0,0.0,0.0,52.9,150.0,0.0,0
Oahu,2040,0.0,8.0,288.3024575179594,22.65853946539636,113.0,1025.19,193.00900000000001,700.5313019178624,73.0,48.84,0.0,0.0,0.0,0.0,134.3,134.4,90.0,90.0,28.0,390.52030713920124,123.0,449.96369808213694,49.9,0.0,0.0,0.0,52.9,150.0,0.0,0
Oahu,2045,0.0,8.0,675.3072729015521,0.0,113.0,2734.630537641376,244.132,700.5313019178624,73.0,48.84,0.0,0.0,0.0,0.0,0.0,0.0,90.0,90.0,28.0,390.52030713920124,407.64714617506536,620.259698082137,49.9,0.0,0.0,0.0,52.9,150.0,0.0,0
