load_zone,period,Battery,Biodiesel/Coal/Diesel/LNG/LSFO/Pellet-Biomass,Biodiesel/Diesel/LNG,Biodiesel/Diesel/LNG/LSFO,MSW,SUN,WND,hydro,batteries,fuel cells
Oahu,2020,58.829482331235354,180.0,223.8,1083.6399999999999,73.0,736.7784999999993,123.0,0.0,0.0,0
Oahu,2022,239.7614981396905,0.0,223.8,525.54,73.0,1639.8709999999999,123.0,150.0,0.0,0
Oahu,2025,251.1704981396905,0.0,223.8,525.54,73.0,1706.4479999999996,150.73250039237743,150.0,0.0,0
Oahu,2030,307.21603760508685,0.0,223.8,525.54,73.0,1848.1779999999997,186.12678260394833,150.0,0.0,0
Oahu,2035,325.21655527385155,0.0,223.8,525.54,73.0,2010.3509999999994,480.85089095375747,150.0,0.0,0
Oahu,2040,503.96999698335577,0.0,223.8,525.54,73.0,2175.6849999999995,513.5203071392012,150.0,0.0,0
Oahu,2045,919.4392729015522,0.0,223.8,256.84000000000003,73.0,4055.4215376413754,798.1674533142666,150.0,0.0,0
