PERIOD,SystemCostPerPeriod_NPV,SystemCostPerPeriod_Real,EnergyCostReal_per_MWh,SystemDemand_MWh
2020,2240935478.6310825,1171137167.1328645,73.42164269255295,15950843.977121359
2022,2955481434.423491,1108483938.01227,47.04865346538127,23560375.40644814
2025,4548584215.406477,1151395829.505234,29.95929341119727,38432008.84954451
2030,3974774285.5317764,1166398646.9393196,31.56150144705109,36956373.856171556
2035,3461611915.133783,1177603360.270535,31.21223760917614,37728898.998395726
2040,3075011287.0862017,1212700333.3031497,31.06693436003293,39035082.09883971
2045,2628725076.660862,1201816256.7316341,30.054571846449512,39987801.61872811
