load_zone,period,Biodiesel,Coal,Diesel,LNG,LSFO,Motor_Diesel,Motor_Gasoline,Pellet-Biomass,Battery,MSW,SUN,WND,GeneratePumpedHydro
Oahu,2020,306.89533565298234,1576.8,0.4428922289442612,0.0,4025.272934804606,0,0,0.0,16.70719614402628,374.9280000000002,1328.999291606212,390.0206587018369,0.0
Oahu,2022,0.0,0,110.69220637863984,0.0,3630.03017752532,0,0,0,300.6014891648288,374.9280000000002,3392.173538874751,390.0206587018369,296.5358047627592
Oahu,2025,0.0,0,77.6149354520152,0.0,3406.106111359973,0,0,0,305.2165665904193,374.92800000000045,3507.6519194868606,390.02065870183696,287.35458074434666
Oahu,2030,0.0,0,25.42208492361096,0.0,2948.7268049126105,0,0,0,409.2007619728682,374.9280000000002,3683.0017623555145,556.3269502033204,412.6130540901447
Oahu,2035,0.0,0,19.02177502507275,0.0,2161.544591426185,0,0,0,469.59335338428025,374.92800000000045,3786.7365874159436,1536.8471913518151,392.544474044005
Oahu,2040,0.0,0,19.14850514051214,0.0,2019.2676581616358,0,0,0,828.1064786237694,374.92800000000017,4214.08890487804,1758.74881357951,347.1783287995477
Oahu,2045,262.04719118588844,0,0.0,0.0,0.0,0,0,0,1861.9728846081853,374.9280000000005,6221.306532343668,2277.311992859778,393.4404193976251
