load_zone,period,Biodiesel,Coal,Diesel,LNG,LSFO,Motor_Diesel,Motor_Gasoline,Pellet-Biomass,Battery,MSW,SUN,WND,GeneratePumpedHydro
Oahu,2020,309.7191677623233,1576.8,9.075075805528847,0.0,4016.794178552968,0,0,0.0,15.800744671273753,374.9280000000002,1325.9213153416217,390.0206587018369,0.0
Oahu,2022,0.0,0,109.8167453887917,0.0,3609.8769831809486,0,0,0,304.52150740457733,374.9280000000002,3411.640003671724,390.0206587018369,289.847691493341
Oahu,2025,0.0,0,83.19603012958223,0.0,3286.7218347013372,0,0,0,310.3403558688797,374.92800000000045,3527.096095898183,489.6157606678812,302.9781702525254
Oahu,2030,0.0,0,27.646756348258695,0.0,2891.2631216230434,0,0,0,395.5772263314398,374.9280000000002,3688.5061863198785,594.0390524973551,377.4315551484461
Oahu,2035,0.0,0,18.170333640109185,0.0,2095.5406729905803,0,0,0,493.6325077954533,374.92800000000045,3773.431393975531,1630.0995183297262,427.43135470184495
Oahu,2040,0.0,0,4.402090784044016,0.0,1940.5394442844154,0,0,0,1071.4107096442417,374.92800000000017,4269.784957546724,1787.4668268135713,220.93216914376237
Oahu,2045,261.1434522696009,0,0.0,0.0,0.0,0,0,0,1794.7060047035427,374.9280000000005,6210.838663589403,2248.9973640519875,313.32926947675287
