scenario,max_demand_response_share,total_cost,cost_per_kwh,cost_per_kwh_2020,cost_per_kwh_2022,cost_per_kwh_2025,cost_per_kwh_2030,cost_per_kwh_2035,cost_per_kwh_2040,cost_per_kwh_2045,renewable_share_all_years,renewable_share_2020,renewable_share_2022,renewable_share_2025,renewable_share_2030,renewable_share_2035,renewable_share_2040,renewable_share_2045,biofuel_share_all_years,biofuel_share_2020,biofuel_share_2022,biofuel_share_2025,biofuel_share_2030,biofuel_share_2035,biofuel_share_2040,biofuel_share_2045
,0.1,22885123692.873672,0.14652212543564588,0.14636465206255767,0.1404987601114381,0.14856065332765653,0.15482913652243052,0.15052295469070903,0.1460339848263925,0.1348144716742331,0.6885687620078956,0.29999999999999954,0.5263616110304978,0.550853972380024,0.6080666946825407,0.7232460033697696,0.7569315581223213,1.0000000000000022,0.007905229814887121,0.03836636333008759,0.0,0.0,0.0,0.0,0.0,0.028684199332964403
